question,premise,choice1,choice2,kind,a1,a2,correct,gap,peak
"Consider the following example: ‘‘‘A burglar broke into the house.’’’ Choice 1: The homeowners were asleep. Choice 2: The security alarm went off. Q: Which one is more likely to be the effect, choice 1 or choice 2?",A burglar broke into the house.,The homeowners were asleep.,The security alarm went off.,effect,0.4140663146972656,-0.5456233024597168,2,0.9596896171569824,0.5456233024597168
"Consider the following example: ‘‘‘A fistfight broke out in the hall of the school.’’’ Choice 1: The principal suspended the students involved. Choice 2: The principal called off classes for the day. Q: Which one is more likely to be the effect, choice 1 or choice 2?",A fistfight broke out in the hall of the school.,The principal suspended the students involved.,The principal called off classes for the day.,effect,0.655823290348053,-1.1936115026474,1,1.8494347929954529,1.1936115026474
"Consider the following example: ‘‘‘A man cut in front of me in the long line.’’’ Choice 1: I confronted him. Choice 2: I smiled at him. Q: Which one is more likely to be the effect, choice 1 or choice 2?",A man cut in front of me in the long line.,I confronted him.,I smiled at him.,effect,2.4120354652404785,-2.9594788551330566,1,5.371514320373535,2.9594788551330566
"Consider the following example: ‘‘‘Air leaked out of the beach ball.’’’ Choice 1: It was inflated. Choice 2: There was a hole in it. Q: Which one is more likely to be the cause, choice 1 or choice 2?",Air leaked out of the beach ball.,It was inflated.,There was a hole in it.,cause,-1.0382764339447021,1.578027367591858,2,2.61630380153656,1.578027367591858
"Consider the following example: ‘‘‘Air pollution in the city worsened.’’’ Choice 1: Factories increased their production. Choice 2: Factories shut down. Q: Which one is more likely to be the cause, choice 1 or choice 2?",Air pollution in the city worsened.,Factories increased their production.,Factories shut down.,cause,-0.42142438888549805,0.7200006246566772,1,1.1414250135421753,0.7200006246566772
"Consider the following example: ‘‘‘Everyone in the class turned to stare at the student.’’’ Choice 1: The student's phone rang. Choice 2: The student took notes. Q: Which one is more likely to be the cause, choice 1 or choice 2?",Everyone in the class turned to stare at the student.,The student's phone rang.,The student took notes.,cause,2.2577626705169678,-2.95419979095459,1,5.211962461471558,2.95419979095459
"Consider the following example: ‘‘‘I approached the man.’’’ Choice 1: He looked busy. Choice 2: He looked familiar. Q: Which one is more likely to be the cause, choice 1 or choice 2?",I approached the man.,He looked busy.,He looked familiar.,cause,0.9166138768196106,-0.9091268181800842,2,1.8257406949996948,0.9166138768196106
"Consider the following example: ‘‘‘I botched the job interview.’’’ Choice 1: The interviewer asked difficult questions. Choice 2: I anticipated the interviewer's questions. Q: Which one is more likely to be the cause, choice 1 or choice 2?",I botched the job interview.,The interviewer asked difficult questions.,I anticipated the interviewer's questions.,cause,1.9668530225753784,-2.4308786392211914,1,4.39773166179657,2.4308786392211914
"Consider the following example: ‘‘‘I came upon a puddle on the sidewalk.’’’ Choice 1: I leapt over the puddle. Choice 2: I played in the puddle. Q: Which one is more likely to be the effect, choice 1 or choice 2?",I came upon a puddle on the sidewalk.,I leapt over the puddle.,I played in the puddle.,effect,0.4953399896621704,-0.23895159363746643,1,0.7342915832996368,0.4953399896621704
"Consider the following example: ‘‘‘I clenched the candy wrapper in my fist.’’’ Choice 1: The wrapper crinkled. Choice 2: The wrapper ripped. Q: Which one is more likely to be the effect, choice 1 or choice 2?",I clenched the candy wrapper in my fist.,The wrapper crinkled.,The wrapper ripped.,effect,-1.295851230621338,1.7701510190963745,1,3.0660022497177124,1.7701510190963745
"Consider the following example: ‘‘‘I clumsily bumped into the stranger.’’’ Choice 1: I ran away. Choice 2: I apologized to him. Q: Which one is more likely to be the effect, choice 1 or choice 2?",I clumsily bumped into the stranger.,I ran away.,I apologized to him.,effect,2.613036632537842,-2.9274003505706787,2,5.5404369831085205,2.9274003505706787
"Consider the following example: ‘‘‘I coughed.’’’ Choice 1: I inhaled smoke. Choice 2: I lowered my voice. Q: Which one is more likely to be the cause, choice 1 or choice 2?",I coughed.,I inhaled smoke.,I lowered my voice.,cause,1.675232172012329,-1.8599189519882202,1,3.5351511240005493,1.8599189519882202
"Consider the following example: ‘‘‘I drank a cup of coffee.’’’ Choice 1: My yawning ceased. Choice 2: I nodded off to sleep. Q: Which one is more likely to be the effect, choice 1 or choice 2?",I drank a cup of coffee.,My yawning ceased.,I nodded off to sleep.,effect,-0.8966690897941589,1.7546117305755615,1,2.6512808203697205,1.7546117305755615
"Consider the following example: ‘‘‘I drank from the water fountain.’’’ Choice 1: I was thirsty. Choice 2: I felt nauseous. Q: Which one is more likely to be the cause, choice 1 or choice 2?",I drank from the water fountain.,I was thirsty.,I felt nauseous.,cause,-1.3060795068740845,1.886645793914795,1,3.1927253007888794,1.886645793914795
"Consider the following example: ‘‘‘I got distracted from my conversation with the woman.’’’ Choice 1: Everyone in the room was talking. Choice 2: The woman was telling a funny story. Q: Which one is more likely to be the cause, choice 1 or choice 2?",I got distracted from my conversation with the woman.,Everyone in the room was talking.,The woman was telling a funny story.,cause,1.2014625072479248,-1.3981680870056152,1,2.59963059425354,1.3981680870056152
"Consider the following example: ‘‘‘I ironed my shirt.’’’ Choice 1: It was clean. Choice 2: It was wrinkled. Q: Which one is more likely to be the cause, choice 1 or choice 2?",I ironed my shirt.,It was clean.,It was wrinkled.,cause,-1.7136974334716797,2.4047815799713135,2,4.118479013442993,2.4047815799713135
"Consider the following example: ‘‘‘I learned how to play the board game.’’’ Choice 1: My friend explained the rules to me. Choice 2: My friend got the rules wrong. Q: Which one is more likely to be the cause, choice 1 or choice 2?",I learned how to play the board game.,My friend explained the rules to me.,My friend got the rules wrong.,cause,-2.6079397201538086,3.1361947059631348,1,5.744134426116943,3.1361947059631348
"Consider the following example: ‘‘‘I made a resolution to eat a healthy diet.’’’ Choice 1: I attended a yoga class. Choice 2: I bought fruits and vegetables. Q: Which one is more likely to be the effect, choice 1 or choice 2?",I made a resolution to eat a healthy diet.,I attended a yoga class.,I bought fruits and vegetables.,effect,0.20225965976715088,-1.0528981685638428,2,1.2551578283309937,1.0528981685638428
"Consider the following example: ‘‘‘I misplaced my wallet.’’’ Choice 1: I retrieved my phone. Choice 2: I retraced my steps. Q: Which one is more likely to be the effect, choice 1 or choice 2?",I misplaced my wallet.,I retrieved my phone.,I retraced my steps.,effect,-0.5925684571266174,0.7386175394058228,2,1.3311859965324402,0.7386175394058228
"Consider the following example: ‘‘‘I moved to a new city.’’’ Choice 1: I found a better-paying job. Choice 2: My son was born. Q: Which one is more likely to be the cause, choice 1 or choice 2?",I moved to a new city.,I found a better-paying job.,My son was born.,cause,0.14920547604560852,0.2414441704750061,1,0.09223869442939758,0.2414441704750061
"Consider the following example: ‘‘‘I poured water on my sleeping friend.’’’ Choice 1: My friend awoke. Choice 2: My friend snored. Q: Which one is more likely to be the effect, choice 1 or choice 2?",I poured water on my sleeping friend.,My friend awoke.,My friend snored.,effect,0.05850838124752045,0.24633093178272247,1,0.18782255053520203,0.24633093178272247
"Consider the following example: ‘‘‘I pushed the pendulum.’’’ Choice 1: It slowed to a stop. Choice 2: It swung back and forth. Q: Which one is more likely to be the effect, choice 1 or choice 2?",I pushed the pendulum.,It slowed to a stop.,It swung back and forth.,effect,0.7048046588897705,-1.0177315473556519,2,1.7225362062454224,1.0177315473556519
"Consider the following example: ‘‘‘I put coins in the washing machine at the laundromat.’’’ Choice 1: The machine powered on. Choice 2: I ran out of laundry detergent. Q: Which one is more likely to be the effect, choice 1 or choice 2?",I put coins in the washing machine at the laundromat.,The machine powered on.,I ran out of laundry detergent.,effect,-1.0678139925003052,1.6194263696670532,1,2.6872403621673584,1.6194263696670532
"Consider the following example: ‘‘‘I put my hands under the running faucet.’’’ Choice 1: The soap rinsed off my hands. Choice 2: The water splashed in my face. Q: Which one is more likely to be the effect, choice 1 or choice 2?",I put my hands under the running faucet.,The soap rinsed off my hands.,The water splashed in my face.,effect,-1.687309980392456,2.3419899940490723,1,4.029299974441528,2.3419899940490723
"Consider the following example: ‘‘‘I put my plate in the sink.’’’ Choice 1: I finished eating. Choice 2: I skipped dinner. Q: Which one is more likely to be the cause, choice 1 or choice 2?",I put my plate in the sink.,I finished eating.,I skipped dinner.,cause,-1.2907562255859375,1.9866254329681396,1,3.277381658554077,1.9866254329681396
"Consider the following example: ‘‘‘I put rubber gloves on.’’’ Choice 1: I was preparing to wash my hands. Choice 2: I was preparing to clean the bathroom. Q: Which one is more likely to be the cause, choice 1 or choice 2?",I put rubber gloves on.,I was preparing to wash my hands.,I was preparing to clean the bathroom.,cause,-1.5740770101547241,1.7954410314559937,2,3.3695180416107178,1.7954410314559937
"Consider the following example: ‘‘‘I ran the ice cube under warm water.’’’ Choice 1: The ice cube stuck to my fingers. Choice 2: The ice cube vanished. Q: Which one is more likely to be the effect, choice 1 or choice 2?",I ran the ice cube under warm water.,The ice cube stuck to my fingers.,The ice cube vanished.,effect,1.1445369720458984,-1.5589183568954468,2,2.703455328941345,1.5589183568954468
"Consider the following example: ‘‘‘I received a package in the mail.’’’ Choice 1: The package triggered my curiosity. Choice 2: I took the package to the post office. Q: Which one is more likely to be the effect, choice 1 or choice 2?",I received a package in the mail.,The package triggered my curiosity.,I took the package to the post office.,effect,-0.8117609024047852,0.9129737615585327,1,1.7247346639633179,0.9129737615585327
"Consider the following example: ‘‘‘I regained composure from my fit of anger.’’’ Choice 1: My heart pounded. Choice 2: I took deep breaths. Q: Which one is more likely to be the cause, choice 1 or choice 2?",I regained composure from my fit of anger.,My heart pounded.,I took deep breaths.,cause,1.980622410774231,-2.4732627868652344,2,4.453885197639465,2.4732627868652344
"Consider the following example: ‘‘‘I rubbed sandpaper on the wood.’’’ Choice 1: The wood became smooth. Choice 2: The wood became sticky. Q: Which one is more likely to be the effect, choice 1 or choice 2?",I rubbed sandpaper on the wood.,The wood became smooth.,The wood became sticky.,effect,-2.3205301761627197,2.722175121307373,1,5.042705297470093,2.722175121307373
"Consider the following example: ‘‘‘I rubbed the soap between my hands.’’’ Choice 1: The soap foamed. Choice 2: My hands went numb. Q: Which one is more likely to be the effect, choice 1 or choice 2?",I rubbed the soap between my hands.,The soap foamed.,My hands went numb.,effect,-0.9011114835739136,1.3048157691955566,1,2.20592725276947,1.3048157691955566
"Consider the following example: ‘‘‘I spit out my chewing gum.’’’ Choice 1: I blew a bubble with the gum. Choice 2: The gum lost its flavor. Q: Which one is more likely to be the cause, choice 1 or choice 2?",I spit out my chewing gum.,I blew a bubble with the gum.,The gum lost its flavor.,cause,-0.0659121721982956,0.4578644335269928,2,0.5237766057252884,0.4578644335269928
"Consider the following example: ‘‘‘I stood on one foot.’’’ Choice 1: My balance wavered. Choice 2: I kneeled down. Q: Which one is more likely to be the effect, choice 1 or choice 2?",I stood on one foot.,My balance wavered.,I kneeled down.,effect,0.607221245765686,-0.5291458368301392,1,1.1363670825958252,0.607221245765686
"Consider the following example: ‘‘‘I tidied up my house.’’’ Choice 1: I was swamped with work. Choice 2: I was expecting company. Q: Which one is more likely to be the cause, choice 1 or choice 2?",I tidied up my house.,I was swamped with work.,I was expecting company.,cause,1.06785249710083,-1.0959866046905518,2,2.163839101791382,1.0959866046905518
"Consider the following example: ‘‘‘I tipped the bottle.’’’ Choice 1: The liquid in the bottle froze. Choice 2: The liquid in the bottle poured out. Q: Which one is more likely to be the effect, choice 1 or choice 2?",I tipped the bottle.,The liquid in the bottle froze.,The liquid in the bottle poured out.,effect,1.2061541080474854,-1.1727769374847412,2,2.3789310455322266,1.2061541080474854
"Consider the following example: ‘‘‘I went to bed.’’’ Choice 1: It was a clear night. Choice 2: It was late. Q: Which one is more likely to be the cause, choice 1 or choice 2?",I went to bed.,It was a clear night.,It was late.,cause,-1.1495261192321777,1.674597144126892,2,2.82412326335907,1.674597144126892
"Consider the following example: ‘‘‘I wrote a thank-you note to my grandmother.’’’ Choice 1: She became forgetful. Choice 2: She sent me a gift. Q: Which one is more likely to be the cause, choice 1 or choice 2?",I wrote a thank-you note to my grandmother.,She became forgetful.,She sent me a gift.,cause,1.4621233940124512,-1.6790714263916016,2,3.1411948204040527,1.6790714263916016
"Consider the following example: ‘‘‘My computer crashed.’’’ Choice 1: I installed new speakers. Choice 2: I lost all my data. Q: Which one is more likely to be the effect, choice 1 or choice 2?",My computer crashed.,I installed new speakers.,I lost all my data.,effect,-1.8742810487747192,2.2389984130859375,2,4.113279461860657,2.2389984130859375
"Consider the following example: ‘‘‘My ears were ringing.’’’ Choice 1: I went to a museum. Choice 2: I went to a concert. Q: Which one is more likely to be the cause, choice 1 or choice 2?",My ears were ringing.,I went to a museum.,I went to a concert.,cause,-0.9076516032218933,0.668302059173584,2,1.5759536623954773,0.9076516032218933
"Consider the following example: ‘‘‘My feet were blistered.’’’ Choice 1: I went hiking. Choice 2: I went swimming. Q: Which one is more likely to be the cause, choice 1 or choice 2?",My feet were blistered.,I went hiking.,I went swimming.,cause,-0.5360456109046936,0.3945423662662506,1,0.9305879771709442,0.5360456109046936
"Consider the following example: ‘‘‘My friend paid for my ticket.’’’ Choice 1: I sought a refund. Choice 2: I paid her back. Q: Which one is more likely to be the effect, choice 1 or choice 2?",My friend paid for my ticket.,I sought a refund.,I paid her back.,effect,1.6930949687957764,-1.9431519508361816,2,3.636246919631958,1.9431519508361816
"Consider the following example: ‘‘‘My grandmother passed away.’’’ Choice 1: My family held a funeral. Choice 2: My family held a reunion. Q: Which one is more likely to be the effect, choice 1 or choice 2?",My grandmother passed away.,My family held a funeral.,My family held a reunion.,effect,0.3235154151916504,-0.7755695581436157,1,1.0990849733352661,0.7755695581436157
"Consider the following example: ‘‘‘My knees buckled on the stairs.’’’ Choice 1: I caught myself on the railing. Choice 2: The railing came loose from the wall. Q: Which one is more likely to be the effect, choice 1 or choice 2?",My knees buckled on the stairs.,I caught myself on the railing.,The railing came loose from the wall.,effect,-1.7546734809875488,1.9736248254776,1,3.728298306465149,1.9736248254776
"Consider the following example: ‘‘‘My stomach growled.’’’ Choice 1: I forgot to eat breakfast. Choice 2: I was full from breakfast. Q: Which one is more likely to be the cause, choice 1 or choice 2?",My stomach growled.,I forgot to eat breakfast.,I was full from breakfast.,cause,0.6611058712005615,-0.7285977005958557,1,1.3897035717964172,0.7285977005958557
"Consider the following example: ‘‘‘My stomach hurt.’’’ Choice 1: I jogged on the treadmill. Choice 2: I ate birthday cake. Q: Which one is more likely to be the cause, choice 1 or choice 2?",My stomach hurt.,I jogged on the treadmill.,I ate birthday cake.,cause,-0.956916093826294,1.339229702949524,2,2.296145796775818,1.339229702949524
"Consider the following example: ‘‘‘My subscription to the magazine expired.’’’ Choice 1: I discarded the new issue. Choice 2: I stopped receiving new issues. Q: Which one is more likely to be the effect, choice 1 or choice 2?",My subscription to the magazine expired.,I discarded the new issue.,I stopped receiving new issues.,effect,0.28438517451286316,0.19868192076683044,2,0.08570325374603271,0.28438517451286316
"Consider the following example: ‘‘‘My view of the movie screen was blocked.’’’ Choice 1: The couple behind me was whispering. Choice 2: A tall person was sitting in front of me. Q: Which one is more likely to be the cause, choice 1 or choice 2?",My view of the movie screen was blocked.,The couple behind me was whispering.,A tall person was sitting in front of me.,cause,0.4099401831626892,0.11682647466659546,2,0.29311370849609375,0.4099401831626892
"Consider the following example: ‘‘‘The administrator cleared her throat.’’’ Choice 1: The meeting was postponed. Choice 2: The meeting commenced. Q: Which one is more likely to be the effect, choice 1 or choice 2?",The administrator cleared her throat.,The meeting was postponed.,The meeting commenced.,effect,1.015468955039978,-1.4856574535369873,2,2.5011264085769653,1.4856574535369873
"Consider the following example: ‘‘‘The animal species became endangered.’’’ Choice 1: Their habitat was destroyed. Choice 2: Their predators went extinct. Q: Which one is more likely to be the cause, choice 1 or choice 2?",The animal species became endangered.,Their habitat was destroyed.,Their predators went extinct.,cause,-0.17599032819271088,0.46999362111091614,1,0.645983949303627,0.46999362111091614
"Consider the following example: ‘‘‘The archeologist dug up the site.’’’ Choice 1: She excavated ancient artifacts. Choice 2: She read about the site's history. Q: Which one is more likely to be the effect, choice 1 or choice 2?",The archeologist dug up the site.,She excavated ancient artifacts.,She read about the site's history.,effect,0.5367342233657837,-0.6321812272071838,1,1.1689154505729675,0.6321812272071838
"Consider the following example: ‘‘‘The balloon expanded.’’’ Choice 1: I blew into it. Choice 2: I pricked it. Q: Which one is more likely to be the cause, choice 1 or choice 2?",The balloon expanded.,I blew into it.,I pricked it.,cause,-0.6426776647567749,1.1932331323623657,1,1.8359107971191406,1.1932331323623657
"Consider the following example: ‘‘‘The bananas ripened.’’’ Choice 1: We squeezed them. Choice 2: We ate them. Q: Which one is more likely to be the effect, choice 1 or choice 2?",The bananas ripened.,We squeezed them.,We ate them.,effect,0.3940271735191345,-0.9614022374153137,2,1.3554294109344482,0.9614022374153137
"Consider the following example: ‘‘‘The bartender refused to serve the patron.’’’ Choice 1: The patron was alone. Choice 2: The patron was drunk. Q: Which one is more likely to be the cause, choice 1 or choice 2?",The bartender refused to serve the patron.,The patron was alone.,The patron was drunk.,cause,-1.2512402534484863,2.14582896232605,2,3.397069215774536,2.14582896232605
"Consider the following example: ‘‘‘The benefactor requested to stay anonymous.’’’ Choice 1: He wanted to maintain his privacy. Choice 2: He supported the cause behind his donation. Q: Which one is more likely to be the cause, choice 1 or choice 2?",The benefactor requested to stay anonymous.,He wanted to maintain his privacy.,He supported the cause behind his donation.,cause,0.3116329312324524,-0.7431880235671997,1,1.054820954799652,0.7431880235671997
"Consider the following example: ‘‘‘The boat capsized.’’’ Choice 1: The captain raised the sail. Choice 2: It was caught in a hurricane. Q: Which one is more likely to be the cause, choice 1 or choice 2?",The boat capsized.,The captain raised the sail.,It was caught in a hurricane.,cause,-1.9777188301086426,2.5956263542175293,2,4.573345184326172,2.5956263542175293
"Consider the following example: ‘‘‘The boaters set off a flare.’’’ Choice 1: Their boat drifted to shore. Choice 2: Their boat was rescued. Q: Which one is more likely to be the effect, choice 1 or choice 2?",The boaters set off a flare.,Their boat drifted to shore.,Their boat was rescued.,effect,0.521864652633667,-0.6845409870147705,2,1.2064056396484375,0.6845409870147705
"Consider the following example: ‘‘‘The book was deemed inappropriate for children.’’’ Choice 1: Schools banned it from its libraries. Choice 2: Teachers required students to read it. Q: Which one is more likely to be the effect, choice 1 or choice 2?",The book was deemed inappropriate for children.,Schools banned it from its libraries.,Teachers required students to read it.,effect,1.2458858489990234,-1.5445380210876465,1,2.79042387008667,1.5445380210876465
"Consider the following example: ‘‘‘The boy climbed the tree.’’’ Choice 1: A cat got stuck in the tree. Choice 2: A bird built a nest in the tree. Q: Which one is more likely to be the cause, choice 1 or choice 2?",The boy climbed the tree.,A cat got stuck in the tree.,A bird built a nest in the tree.,cause,2.2179901599884033,-2.726722240447998,1,4.944712400436401,2.726722240447998
"Consider the following example: ‘‘‘The boy felt homesick.’’’ Choice 1: He went away to camp. Choice 2: He bickered with his sister. Q: Which one is more likely to be the cause, choice 1 or choice 2?",The boy felt homesick.,He went away to camp.,He bickered with his sister.,cause,-0.619189977645874,1.0576006174087524,1,1.6767905950546265,1.0576006174087524
"Consider the following example: ‘‘‘The boy had trouble buttoning his shirt.’’’ Choice 1: He refused to wear the shirt. Choice 2: He asked his mother for help. Q: Which one is more likely to be the effect, choice 1 or choice 2?",The boy had trouble buttoning his shirt.,He refused to wear the shirt.,He asked his mother for help.,effect,2.553898811340332,-2.9798743724823,2,5.533773183822632,2.9798743724823
"Consider the following example: ‘‘‘The boy painted a picture for his mother.’’’ Choice 1: His mother hung the picture on the wall. Choice 2: His mother sold the picture to a gallery. Q: Which one is more likely to be the effect, choice 1 or choice 2?",The boy painted a picture for his mother.,His mother hung the picture on the wall.,His mother sold the picture to a gallery.,effect,-1.3342338800430298,1.465658187866211,1,2.7998920679092407,1.465658187866211
"Consider the following example: ‘‘‘The boy tuned the radio.’’’ Choice 1: The station was playing rock music. Choice 2: The station was coming in with static. Q: Which one is more likely to be the cause, choice 1 or choice 2?",The boy tuned the radio.,The station was playing rock music.,The station was coming in with static.,cause,-0.6937840580940247,1.0000417232513428,2,1.6938257813453674,1.0000417232513428
"Consider the following example: ‘‘‘The boy was afraid to go to bed.’’’ Choice 1: He turned on his nightlight. Choice 2: He watched a horror movie. Q: Which one is more likely to be the cause, choice 1 or choice 2?",The boy was afraid to go to bed.,He turned on his nightlight.,He watched a horror movie.,cause,-1.3384525775909424,1.8401868343353271,2,3.1786394119262695,1.8401868343353271
"Consider the following example: ‘‘‘The boy's hands were shaking.’’’ Choice 1: He planned to ask the girl out. Choice 2: His palms were cold and sweaty. Q: Which one is more likely to be the cause, choice 1 or choice 2?",The boy's hands were shaking.,He planned to ask the girl out.,His palms were cold and sweaty.,cause,-0.721976637840271,0.9071336388587952,1,1.6291102766990662,0.9071336388587952
"Consider the following example: ‘‘‘The boy's mouth stung.’’’ Choice 1: He ate a pepper. Choice 2: He blew out the candle. Q: Which one is more likely to be the cause, choice 1 or choice 2?",The boy's mouth stung.,He ate a pepper.,He blew out the candle.,cause,0.10716444253921509,-0.24793487787246704,1,0.35509932041168213,0.24793487787246704
"Consider the following example: ‘‘‘The bride got cold feet before the wedding.’’’ Choice 1: The wedding guests brought gifts. Choice 2: She called the wedding off. Q: Which one is more likely to be the effect, choice 1 or choice 2?",The bride got cold feet before the wedding.,The wedding guests brought gifts.,She called the wedding off.,effect,-1.315812587738037,1.526942491531372,2,2.842755079269409,1.526942491531372
"Consider the following example: ‘‘‘The bureau drawers were cluttered.’’’ Choice 1: I threw away unnecessary contents. Choice 2: I locked the drawers shut. Q: Which one is more likely to be the effect, choice 1 or choice 2?",The bureau drawers were cluttered.,I threw away unnecessary contents.,I locked the drawers shut.,effect,-0.6848123073577881,0.6008536219596863,1,1.2856659293174744,0.6848123073577881
"Consider the following example: ‘‘‘The button on my shirt fell off.’’’ Choice 1: I sewed the button back on. Choice 2: I glued the button back on. Q: Which one is more likely to be the effect, choice 1 or choice 2?",The button on my shirt fell off.,I sewed the button back on.,I glued the button back on.,effect,-0.9327860474586487,1.6644831895828247,1,2.5972692370414734,1.6644831895828247
"Consider the following example: ‘‘‘The car stopped at the crosswalk.’’’ Choice 1: The pedestrian crossed the road. Choice 2: The pedestrian waited on the sidewalk. Q: Which one is more likely to be the effect, choice 1 or choice 2?",The car stopped at the crosswalk.,The pedestrian crossed the road.,The pedestrian waited on the sidewalk.,effect,0.1622098982334137,-0.49702829122543335,1,0.659238189458847,0.49702829122543335
"Consider the following example: ‘‘‘The celebrity wore sunglasses.’’’ Choice 1: She wanted to thank her fans. Choice 2: She wanted to avoid recognition. Q: Which one is more likely to be the cause, choice 1 or choice 2?",The celebrity wore sunglasses.,She wanted to thank her fans.,She wanted to avoid recognition.,cause,-1.309645652770996,1.5436838865280151,2,2.8533295392990112,1.5436838865280151
"Consider the following example: ‘‘‘The chair squeaked.’’’ Choice 1: The man carried the chair to his office. Choice 2: The man scooted the chair closer to his desk. Q: Which one is more likely to be the cause, choice 1 or choice 2?",The chair squeaked.,The man carried the chair to his office.,The man scooted the chair closer to his desk.,cause,1.123443603515625,-1.9217692613601685,2,3.0452128648757935,1.9217692613601685
"Consider the following example: ‘‘‘The chandelier shattered on the floor.’’’ Choice 1: The chandelier dropped from the ceiling. Choice 2: The chandelier's lights flickered on and off. Q: Which one is more likely to be the cause, choice 1 or choice 2?",The chandelier shattered on the floor.,The chandelier dropped from the ceiling.,The chandelier's lights flickered on and off.,cause,1.0768033266067505,-1.7049447298049927,1,2.781748056411743,1.7049447298049927
"Consider the following example: ‘‘‘The chef pressed down on the dough.’’’ Choice 1: The dough crumbled. Choice 2: The dough flattened. Q: Which one is more likely to be the effect, choice 1 or choice 2?",The chef pressed down on the dough.,The dough crumbled.,The dough flattened.,effect,2.2413575649261475,-2.5956931114196777,2,4.837050676345825,2.5956931114196777
"Consider the following example: ‘‘‘The child disobeyed her parents.’’’ Choice 1: Her parents hugged her. Choice 2: Her parents punished her. Q: Which one is more likely to be the effect, choice 1 or choice 2?",The child disobeyed her parents.,Her parents hugged her.,Her parents punished her.,effect,-1.0613031387329102,1.4096089601516724,2,2.4709120988845825,1.4096089601516724
"Consider the following example: ‘‘‘The child kicked the stack of blocks.’’’ Choice 1: The stack towered over the boy's head. Choice 2: The blocks scattered all over the rug. Q: Which one is more likely to be the effect, choice 1 or choice 2?",The child kicked the stack of blocks.,The stack towered over the boy's head.,The blocks scattered all over the rug.,effect,-0.5430374145507812,0.8065991997718811,2,1.3496366143226624,0.8065991997718811
"Consider the following example: ‘‘‘The children knocked over a lamp.’’’ Choice 1: They had a pillow fight. Choice 2: They jumped on the bed. Q: Which one is more likely to be the cause, choice 1 or choice 2?",The children knocked over a lamp.,They had a pillow fight.,They jumped on the bed.,cause,-0.4007001519203186,0.649162232875824,1,1.0498623847961426,0.649162232875824
"Consider the following example: ‘‘‘The children ran through the sprinkler.’’’ Choice 1: They ate popsicles. Choice 2: They were hot. Q: Which one is more likely to be the cause, choice 1 or choice 2?",The children ran through the sprinkler.,They ate popsicles.,They were hot.,cause,0.28525057435035706,-0.4447369873523712,2,0.7299875617027283,0.4447369873523712
"Consider the following example: ‘‘‘The city re-elected the mayor.’’’ Choice 1: The city cut its budget. Choice 2: The mayor fulfilled his promises. Q: Which one is more likely to be the cause, choice 1 or choice 2?",The city re-elected the mayor.,The city cut its budget.,The mayor fulfilled his promises.,cause,1.8321081399917603,-2.2579262256622314,2,4.090034365653992,2.2579262256622314
"Consider the following example: ‘‘‘The clock chimed.’’’ Choice 1: It was the top of the hour. Choice 2: The hour seemed to drag on. Q: Which one is more likely to be the cause, choice 1 or choice 2?",The clock chimed.,It was the top of the hour.,The hour seemed to drag on.,cause,-1.1935425996780396,1.3909287452697754,1,2.584471344947815,1.3909287452697754
"Consider the following example: ‘‘‘The competition ended.’’’ Choice 1: The teams got pumped up. Choice 2: The teams shook hands. Q: Which one is more likely to be the effect, choice 1 or choice 2?",The competition ended.,The teams got pumped up.,The teams shook hands.,effect,0.060526251792907715,-1.1691924333572388,2,1.2297186851501465,1.1691924333572388
"Consider the following example: ‘‘‘The computer crashed.’’’ Choice 1: I backed up my files. Choice 2: I downloaded a virus. Q: Which one is more likely to be the cause, choice 1 or choice 2?",The computer crashed.,I backed up my files.,I downloaded a virus.,cause,-3.1197524070739746,3.319563627243042,2,6.439316034317017,3.319563627243042
"Consider the following example: ‘‘‘The computer was expensive to fix.’’’ Choice 1: I got it repaired. Choice 2: I bought a new one. Q: Which one is more likely to be the effect, choice 1 or choice 2?",The computer was expensive to fix.,I got it repaired.,I bought a new one.,effect,-1.8531430959701538,2.0287880897521973,2,3.881931185722351,2.0287880897521973
"Consider the following example: ‘‘‘The couple got engaged.’’’ Choice 1: They planned a wedding. Choice 2: They took some time apart. Q: Which one is more likely to be the effect, choice 1 or choice 2?",The couple got engaged.,They planned a wedding.,They took some time apart.,effect,-0.7953505516052246,0.9750200510025024,1,1.770370602607727,0.9750200510025024
"Consider the following example: ‘‘‘The cowgirl threw her lasso towards the horse.’’’ Choice 1: The lasso grabbed onto the horse. Choice 2: The horse trotted into the barn. Q: Which one is more likely to be the effect, choice 1 or choice 2?",The cowgirl threw her lasso towards the horse.,The lasso grabbed onto the horse.,The horse trotted into the barn.,effect,0.18968281149864197,-0.6300474405288696,1,0.8197302520275116,0.6300474405288696
"Consider the following example: ‘‘‘The crowd gave the band a standing ovation.’’’ Choice 1: The band signed autographs. Choice 2: The band reappeared on the stage. Q: Which one is more likely to be the effect, choice 1 or choice 2?",The crowd gave the band a standing ovation.,The band signed autographs.,The band reappeared on the stage.,effect,-0.1892642378807068,-0.433086633682251,2,0.2438223958015442,0.433086633682251
"Consider the following example: ‘‘‘The cup of tea was scalding hot.’’’ Choice 1: I blew on it. Choice 2: I poured it out. Q: Which one is more likely to be the effect, choice 1 or choice 2?",The cup of tea was scalding hot.,I blew on it.,I poured it out.,effect,0.10981256514787674,-0.12625443935394287,1,0.2360670045018196,0.12625443935394287
"Consider the following example: ‘‘‘The customer came into the boutique.’’’ Choice 1: She left her wallet at home. Choice 2: The window display caught her eye. Q: Which one is more likely to be the cause, choice 1 or choice 2?",The customer came into the boutique.,She left her wallet at home.,The window display caught her eye.,cause,1.6603162288665771,-1.9144091606140137,2,3.574725389480591,1.9144091606140137
"Consider the following example: ‘‘‘The customer filed a complaint with the store manager.’’’ Choice 1: The sales associate undercharged the customer. Choice 2: The sales associate acted rude to the customer. Q: Which one is more likely to be the cause, choice 1 or choice 2?",The customer filed a complaint with the store manager.,The sales associate undercharged the customer.,The sales associate acted rude to the customer.,cause,-0.9020800590515137,1.1171596050262451,2,2.019239664077759,1.1171596050262451
"Consider the following example: ‘‘‘The detective revealed an anomaly in the case.’’’ Choice 1: He finalized his theory. Choice 2: He scrapped his theory. Q: Which one is more likely to be the effect, choice 1 or choice 2?",The detective revealed an anomaly in the case.,He finalized his theory.,He scrapped his theory.,effect,-1.0334311723709106,1.4505218267440796,2,2.4839529991149902,1.4505218267440796
"Consider the following example: ‘‘‘The doctors amputated the patient's leg.’’’ Choice 1: It was badly bruised. Choice 2: It was severely infected. Q: Which one is more likely to be the cause, choice 1 or choice 2?",The doctors amputated the patient's leg.,It was badly bruised.,It was severely infected.,cause,-1.5923372507095337,1.8654403686523438,2,3.4577776193618774,1.8654403686523438
"Consider the following example: ‘‘‘The dog barked.’’’ Choice 1: The cat lounged on the couch. Choice 2: A knock sounded at the door. Q: Which one is more likely to be the cause, choice 1 or choice 2?",The dog barked.,The cat lounged on the couch.,A knock sounded at the door.,cause,-0.1370171308517456,0.441727876663208,2,0.5787450075149536,0.441727876663208
"Consider the following example: ‘‘‘The driver got a flat tire.’’’ Choice 1: He went over the speed limit. Choice 2: He ran over a nail. Q: Which one is more likely to be the cause, choice 1 or choice 2?",The driver got a flat tire.,He went over the speed limit.,He ran over a nail.,cause,0.7184885740280151,-0.5507228374481201,2,1.2692114114761353,0.7184885740280151
"Consider the following example: ‘‘‘The driver rotated the steering wheel.’’’ Choice 1: The car halted. Choice 2: The car turned. Q: Which one is more likely to be the effect, choice 1 or choice 2?",The driver rotated the steering wheel.,The car halted.,The car turned.,effect,0.9795498251914978,-1.4334300756454468,2,2.4129799008369446,1.4334300756454468
"Consider the following example: ‘‘‘The driver slammed on his brakes.’’’ Choice 1: A deer appeared on the road. Choice 2: The car radio shut off. Q: Which one is more likely to be the cause, choice 1 or choice 2?",The driver slammed on his brakes.,A deer appeared on the road.,The car radio shut off.,cause,0.6413241624832153,-0.49161624908447266,1,1.132940411567688,0.6413241624832153
"Consider the following example: ‘‘‘The driver turned on the car's headlights.’’’ Choice 1: He heard thunder. Choice 2: The sun went down. Q: Which one is more likely to be the cause, choice 1 or choice 2?",The driver turned on the car's headlights.,He heard thunder.,The sun went down.,cause,0.6847280263900757,-0.9069033265113831,2,1.5916313529014587,0.9069033265113831
"Consider the following example: ‘‘‘The dust came off the desk.’’’ Choice 1: I wiped the desk with a cloth. Choice 2: I removed the books from the desk. Q: Which one is more likely to be the cause, choice 1 or choice 2?",The dust came off the desk.,I wiped the desk with a cloth.,I removed the books from the desk.,cause,-0.6848398447036743,0.5368674993515015,1,1.2217073440551758,0.6848398447036743
"Consider the following example: ‘‘‘The egg splattered.’’’ Choice 1: I dropped it. Choice 2: I boiled it. Q: Which one is more likely to be the cause, choice 1 or choice 2?",The egg splattered.,I dropped it.,I boiled it.,cause,0.37925583124160767,-0.3299812078475952,1,0.7092370390892029,0.37925583124160767
"Consider the following example: ‘‘‘The elderly woman suffered a stroke.’’’ Choice 1: The woman's daughter came over to clean her house. Choice 2: The woman's daughter moved in to take care of her. Q: Which one is more likely to be the effect, choice 1 or choice 2?",The elderly woman suffered a stroke.,The woman's daughter came over to clean her house.,The woman's daughter moved in to take care of her.,effect,-0.33571624755859375,0.5373837947845459,2,0.8731000423431396,0.5373837947845459
"Consider the following example: ‘‘‘The farmland needed irrigation.’’’ Choice 1: A canal was constructed. Choice 2: A flood occurred. Q: Which one is more likely to be the effect, choice 1 or choice 2?",The farmland needed irrigation.,A canal was constructed.,A flood occurred.,effect,-1.2749872207641602,1.8916070461273193,1,3.1665942668914795,1.8916070461273193
"Consider the following example: ‘‘‘The father shut off the children's television.’’’ Choice 1: It was bedtime for the children. Choice 2: The children were watching cartoons. Q: Which one is more likely to be the cause, choice 1 or choice 2?",The father shut off the children's television.,It was bedtime for the children.,The children were watching cartoons.,cause,-0.34463879466056824,0.4724245071411133,1,0.8170633018016815,0.4724245071411133
"Consider the following example: ‘‘‘The flashlight was dead.’’’ Choice 1: I took it apart. Choice 2: I replaced the batteries. Q: Which one is more likely to be the effect, choice 1 or choice 2?",The flashlight was dead.,I took it apart.,I replaced the batteries.,effect,1.4283843040466309,-2.090247631072998,2,3.518631935119629,2.090247631072998
"Consider the following example: ‘‘‘The friends' debate dragged on interminably.’’’ Choice 1: The friends saw eye to eye. Choice 2: The friends were splitting hairs. Q: Which one is more likely to be the cause, choice 1 or choice 2?",The friends' debate dragged on interminably.,The friends saw eye to eye.,The friends were splitting hairs.,cause,-1.4569061994552612,2.4895150661468506,2,3.946421265602112,2.4895150661468506
"Consider the following example: ‘‘‘The fugitive hid from the police.’’’ Choice 1: The police dropped the case. Choice 2: The fugitive remained at large. Q: Which one is more likely to be the effect, choice 1 or choice 2?",The fugitive hid from the police.,The police dropped the case.,The fugitive remained at large.,effect,0.6121816635131836,-0.4745277762413025,2,1.086709439754486,0.6121816635131836
"Consider the following example: ‘‘‘The gardener pulled the weeds.’’’ Choice 1: The weeds came out of the soil. Choice 2: The weeds produced seeds. Q: Which one is more likely to be the effect, choice 1 or choice 2?",The gardener pulled the weeds.,The weeds came out of the soil.,The weeds produced seeds.,effect,-0.5115264058113098,0.7026420831680298,1,1.2141684889793396,0.7026420831680298
"Consider the following example: ‘‘‘The girl applied the scissors to the paper.’’’ Choice 1: The paper sliced apart. Choice 2: The paper crinkled. Q: Which one is more likely to be the effect, choice 1 or choice 2?",The girl applied the scissors to the paper.,The paper sliced apart.,The paper crinkled.,effect,0.9023257493972778,-1.424690842628479,1,2.327016592025757,1.424690842628479
"Consider the following example: ‘‘‘The girl found a bug in her cereal.’’’ Choice 1: She poured milk in the bowl. Choice 2: She lost her appetite. Q: Which one is more likely to be the effect, choice 1 or choice 2?",The girl found a bug in her cereal.,She poured milk in the bowl.,She lost her appetite.,effect,-1.1291999816894531,1.648144245147705,2,2.777344226837158,1.648144245147705
"Consider the following example: ‘‘‘The girl found the missing puzzle piece.’’’ Choice 1: She completed the puzzle. Choice 2: She took apart the puzzle. Q: Which one is more likely to be the effect, choice 1 or choice 2?",The girl found the missing puzzle piece.,She completed the puzzle.,She took apart the puzzle.,effect,-1.2223260402679443,1.8550937175750732,1,3.0774197578430176,1.8550937175750732
"Consider the following example: ‘‘‘The girl handed down her clothes to her younger sister.’’’ Choice 1: The clothes were tattered. Choice 2: She outgrew the clothes. Q: Which one is more likely to be the cause, choice 1 or choice 2?",The girl handed down her clothes to her younger sister.,The clothes were tattered.,She outgrew the clothes.,cause,2.2504398822784424,-2.434953212738037,2,4.6853930950164795,2.434953212738037
"Consider the following example: ‘‘‘The girl met her favorite actor.’’’ Choice 1: She went to see his new film. Choice 2: She asked him for his autograph. Q: Which one is more likely to be the effect, choice 1 or choice 2?",The girl met her favorite actor.,She went to see his new film.,She asked him for his autograph.,effect,0.10573936998844147,-0.454493910074234,2,0.5602332800626755,0.454493910074234
"Consider the following example: ‘‘‘The girl performed in a dance recital.’’’ Choice 1: Her parents showed her how to dance. Choice 2: Her parents came to watch the recital. Q: Which one is more likely to be the effect, choice 1 or choice 2?",The girl performed in a dance recital.,Her parents showed her how to dance.,Her parents came to watch the recital.,effect,-0.0720345675945282,-0.35908594727516174,2,0.28705137968063354,0.35908594727516174
"Consider the following example: ‘‘‘The girl pushed her friend.’’’ Choice 1: Her friend choked. Choice 2: Her friend fell over. Q: Which one is more likely to be the effect, choice 1 or choice 2?",The girl pushed her friend.,Her friend choked.,Her friend fell over.,effect,1.3513853549957275,-1.506544589996338,2,2.8579299449920654,1.506544589996338
"Consider the following example: ‘‘‘The girl pushed herself off the top of the slide.’’’ Choice 1: She glided down the slide. Choice 2: She crawled up the slide. Q: Which one is more likely to be the effect, choice 1 or choice 2?",The girl pushed herself off the top of the slide.,She glided down the slide.,She crawled up the slide.,effect,-0.9060090184211731,0.9739933013916016,1,1.8800023198127747,0.9739933013916016
"Consider the following example: ‘‘‘The girl received a trophy.’’’ Choice 1: She won a spelling bee. Choice 2: She made a new friend. Q: Which one is more likely to be the cause, choice 1 or choice 2?",The girl received a trophy.,She won a spelling bee.,She made a new friend.,cause,0.6774777173995972,-1.2668988704681396,1,1.9443765878677368,1.2668988704681396
"Consider the following example: ‘‘‘The girl refused to eat her vegetables.’’’ Choice 1: Her father told her to drink her milk. Choice 2: Her father took away her dessert. Q: Which one is more likely to be the effect, choice 1 or choice 2?",The girl refused to eat her vegetables.,Her father told her to drink her milk.,Her father took away her dessert.,effect,0.23668938875198364,0.27005788683891296,2,0.03336849808692932,0.27005788683891296
"Consider the following example: ‘‘‘The girl shared her lunch with her friend.’’’ Choice 1: Her friend forgot to bring his lunch. Choice 2: Her friend sat next to her at lunch. Q: Which one is more likely to be the cause, choice 1 or choice 2?",The girl shared her lunch with her friend.,Her friend forgot to bring his lunch.,Her friend sat next to her at lunch.,cause,2.3204264640808105,-2.603776454925537,1,4.924202919006348,2.603776454925537
"Consider the following example: ‘‘‘The girl stared at herself in the mirror.’’’ Choice 1: She felt self-conscious. Choice 2: The mirror was smudged. Q: Which one is more likely to be the cause, choice 1 or choice 2?",The girl stared at herself in the mirror.,She felt self-conscious.,The mirror was smudged.,cause,0.15567295253276825,-0.07914162427186966,1,0.2348145768046379,0.15567295253276825
"Consider the following example: ‘‘‘The girl wanted to demonstrate proper etiquette.’’’ Choice 1: She threw away her napkin after eating. Choice 2: She put her napkin on her lap before eating. Q: Which one is more likely to be the effect, choice 1 or choice 2?",The girl wanted to demonstrate proper etiquette.,She threw away her napkin after eating.,She put her napkin on her lap before eating.,effect,2.1893346309661865,-2.7967209815979004,2,4.986055612564087,2.7967209815979004
"Consider the following example: ‘‘‘The girl wanted to wear earrings.’’’ Choice 1: She got her ears pierced. Choice 2: She got a tattoo. Q: Which one is more likely to be the effect, choice 1 or choice 2?",The girl wanted to wear earrings.,She got her ears pierced.,She got a tattoo.,effect,-1.716267466545105,2.2651100158691406,1,3.9813774824142456,2.2651100158691406
"Consider the following example: ‘‘‘The girl was angry with her friend.’’’ Choice 1: The girl spread a rumor about her friend. Choice 2: The girl told a secret to her friend. Q: Which one is more likely to be the effect, choice 1 or choice 2?",The girl was angry with her friend.,The girl spread a rumor about her friend.,The girl told a secret to her friend.,effect,2.290257453918457,-3.0405657291412354,1,5.330823183059692,3.0405657291412354
"Consider the following example: ‘‘‘The girl went down the hill on her bike.’’’ Choice 1: Her bike swerved. Choice 2: Her bike sped up. Q: Which one is more likely to be the effect, choice 1 or choice 2?",The girl went down the hill on her bike.,Her bike swerved.,Her bike sped up.,effect,0.7221993803977966,-0.7421420812606812,2,1.4643414616584778,0.7421420812606812
"Consider the following example: ‘‘‘The girl's mouth ached.’’’ Choice 1: She lost a tooth. Choice 2: She swallowed her gum. Q: Which one is more likely to be the cause, choice 1 or choice 2?",The girl's mouth ached.,She lost a tooth.,She swallowed her gum.,cause,0.07619097828865051,0.13648617267608643,1,0.06029519438743591,0.13648617267608643
"Consider the following example: ‘‘‘The glasses on the table spilled.’’’ Choice 1: The child drew on the table. Choice 2: The child yanked the tablecloth. Q: Which one is more likely to be the cause, choice 1 or choice 2?",The glasses on the table spilled.,The child drew on the table.,The child yanked the tablecloth.,cause,-0.346591055393219,1.2198824882507324,2,1.5664735436439514,1.2198824882507324
"Consider the following example: ‘‘‘The grape juice fermented.’’’ Choice 1: The juice turned to wine. Choice 2: The juice evaporated. Q: Which one is more likely to be the effect, choice 1 or choice 2?",The grape juice fermented.,The juice turned to wine.,The juice evaporated.,effect,-0.6689746975898743,1.2045996189117432,1,1.8735743165016174,1.2045996189117432
"Consider the following example: ‘‘‘The group overlooked the woman's faux pas.’’’ Choice 1: The woman was relieved. Choice 2: The woman apologized. Q: Which one is more likely to be the effect, choice 1 or choice 2?",The group overlooked the woman's faux pas.,The woman was relieved.,The woman apologized.,effect,-0.38065189123153687,-0.1329958140850067,1,0.24765607714653015,0.38065189123153687
"Consider the following example: ‘‘‘The guests of the party hid behind the couch.’’’ Choice 1: It was a surprise party. Choice 2: It was a birthday party. Q: Which one is more likely to be the cause, choice 1 or choice 2?",The guests of the party hid behind the couch.,It was a surprise party.,It was a birthday party.,cause,0.18870379030704498,-0.5406157970428467,1,0.7293195873498917,0.5406157970428467
"Consider the following example: ‘‘‘The homeowners disliked their nosy neighbors.’’’ Choice 1: They built a fence around their property. Choice 2: They hosted a barbeque in their backyard. Q: Which one is more likely to be the effect, choice 1 or choice 2?",The homeowners disliked their nosy neighbors.,They built a fence around their property.,They hosted a barbeque in their backyard.,effect,1.0719976425170898,-2.0724189281463623,1,3.144416570663452,2.0724189281463623
"Consider the following example: ‘‘‘The horse bucked.’’’ Choice 1: A fly bit the horse. Choice 2: The rider stroked the horse. Q: Which one is more likely to be the cause, choice 1 or choice 2?",The horse bucked.,A fly bit the horse.,The rider stroked the horse.,cause,1.4794070720672607,-2.1472206115722656,1,3.6266276836395264,2.1472206115722656
"Consider the following example: ‘‘‘The hospital sent the patient home.’’’ Choice 1: The patient's symptoms cleared up. Choice 2: The patient's family visited him. Q: Which one is more likely to be the cause, choice 1 or choice 2?",The hospital sent the patient home.,The patient's symptoms cleared up.,The patient's family visited him.,cause,-0.5565176010131836,0.6803839802742004,1,1.236901581287384,0.6803839802742004
"Consider the following example: ‘‘‘The host cancelled the party.’’’ Choice 1: She was certain she had the flu. Choice 2: She worried she would catch the flu. Q: Which one is more likely to be the cause, choice 1 or choice 2?",The host cancelled the party.,She was certain she had the flu.,She worried she would catch the flu.,cause,0.5858625173568726,-0.7555081844329834,1,1.341370701789856,0.7555081844329834
"Consider the following example: ‘‘‘The host served dinner to his guests.’’’ Choice 1: His guests were gracious. Choice 2: His guests went hungry. Q: Which one is more likely to be the effect, choice 1 or choice 2?",The host served dinner to his guests.,His guests were gracious.,His guests went hungry.,effect,-2.1974709033966064,3.1853370666503906,1,5.382807970046997,3.1853370666503906
"Consider the following example: ‘‘‘The jewelry thieves were caught.’’’ Choice 1: The stolen jewelry was returned to its owners. Choice 2: The cost of the stolen jewelry was calculated. Q: Which one is more likely to be the effect, choice 1 or choice 2?",The jewelry thieves were caught.,The stolen jewelry was returned to its owners.,The cost of the stolen jewelry was calculated.,effect,-1.0342754125595093,0.973540186882019,1,2.0078155994415283,1.0342754125595093
"Consider the following example: ‘‘‘The journalist wrote a biography about the humanitarian's life.’’’ Choice 1: The humanitarian was difficult for the journalist to interview. Choice 2: The journalist was intrigued by the humanitarian's work. Q: Which one is more likely to be the cause, choice 1 or choice 2?",The journalist wrote a biography about the humanitarian's life.,The humanitarian was difficult for the journalist to interview.,The journalist was intrigued by the humanitarian's work.,cause,2.3412766456604004,-2.944960117340088,2,5.286236763000488,2.944960117340088
"Consider the following example: ‘‘‘The kidnappers released the hostage.’’’ Choice 1: They accepted ransom money. Choice 2: They escaped from jail. Q: Which one is more likely to be the cause, choice 1 or choice 2?",The kidnappers released the hostage.,They accepted ransom money.,They escaped from jail.,cause,-0.6245373487472534,1.0654757022857666,1,1.69001305103302,1.0654757022857666
"Consider the following example: ‘‘‘The librarian located the book in the stacks.’’’ Choice 1: I requested the librarian's help. Choice 2: The book was checked out. Q: Which one is more likely to be the cause, choice 1 or choice 2?",The librarian located the book in the stacks.,I requested the librarian's help.,The book was checked out.,cause,-0.7666933536529541,1.0892146825790405,1,1.8559080362319946,1.0892146825790405
"Consider the following example: ‘‘‘The lock opened.’’’ Choice 1: I turned the key in the lock. Choice 2: I made a duplicate of the key. Q: Which one is more likely to be the cause, choice 1 or choice 2?",The lock opened.,I turned the key in the lock.,I made a duplicate of the key.,cause,-0.6905790567398071,0.5948382616043091,1,1.2854173183441162,0.6905790567398071
"Consider the following example: ‘‘‘The man became disabled.’’’ Choice 1: His family offered him financial support. Choice 2: His family cut off contact with him. Q: Which one is more likely to be the effect, choice 1 or choice 2?",The man became disabled.,His family offered him financial support.,His family cut off contact with him.,effect,-1.720125436782837,2.4336037635803223,1,4.153729200363159,2.4336037635803223
"Consider the following example: ‘‘‘The man confessed his love for the woman.’’’ Choice 1: The woman rejected him. Choice 2: The woman envied him. Q: Which one is more likely to be the effect, choice 1 or choice 2?",The man confessed his love for the woman.,The woman rejected him.,The woman envied him.,effect,0.3213561177253723,-0.27456122636795044,1,0.5959173440933228,0.3213561177253723
"Consider the following example: ‘‘‘The man craved a cigarette.’’’ Choice 1: His family urged him to quit smoking. Choice 2: He was addicted to nicotine. Q: Which one is more likely to be the cause, choice 1 or choice 2?",The man craved a cigarette.,His family urged him to quit smoking.,He was addicted to nicotine.,cause,-0.5691617727279663,0.6689067482948303,2,1.2380685210227966,0.6689067482948303
"Consider the following example: ‘‘‘The man drank water with his meal.’’’ Choice 1: His meal was cold. Choice 2: His meal was spicy. Q: Which one is more likely to be the cause, choice 1 or choice 2?",The man drank water with his meal.,His meal was cold.,His meal was spicy.,cause,0.5860066413879395,-0.45510801672935486,2,1.0411146581172943,0.5860066413879395
"Consider the following example: ‘‘‘The man dressed in his best suit.’’’ Choice 1: He scheduled a meeting with an important client. Choice 2: His wife bought him a new tie. Q: Which one is more likely to be the cause, choice 1 or choice 2?",The man dressed in his best suit.,He scheduled a meeting with an important client.,His wife bought him a new tie.,cause,-0.006956986151635647,-0.27000588178634644,1,0.2630488956347108,0.27000588178634644
"Consider the following example: ‘‘‘The man fainted.’’’ Choice 1: He took a nap. Choice 2: He ran a marathon. Q: Which one is more likely to be the cause, choice 1 or choice 2?",The man fainted.,He took a nap.,He ran a marathon.,cause,-1.4932506084442139,1.8562300205230713,2,3.349480628967285,1.8562300205230713
"Consider the following example: ‘‘‘The man fell unconscious.’’’ Choice 1: The assailant struck the man in the head. Choice 2: The assailant took the man's wallet. Q: Which one is more likely to be the cause, choice 1 or choice 2?",The man fell unconscious.,The assailant struck the man in the head.,The assailant took the man's wallet.,cause,1.1370888948440552,-1.2373616695404053,1,2.3744505643844604,1.2373616695404053
"Consider the following example: ‘‘‘The man got a discount on his groceries.’’’ Choice 1: He greeted the cashier. Choice 2: He used a coupon. Q: Which one is more likely to be the cause, choice 1 or choice 2?",The man got a discount on his groceries.,He greeted the cashier.,He used a coupon.,cause,-1.221820592880249,1.1949527263641357,2,2.4167733192443848,1.221820592880249
"Consider the following example: ‘‘‘The man had an attack of conscience.’’’ Choice 1: He manipulated his friend. Choice 2: He admitted his indiscretion. Q: Which one is more likely to be the effect, choice 1 or choice 2?",The man had an attack of conscience.,He manipulated his friend.,He admitted his indiscretion.,effect,2.162670135498047,-2.9739990234375,2,5.136669158935547,2.9739990234375
"Consider the following example: ‘‘‘The man held his breath.’’’ Choice 1: He went underwater. Choice 2: He treaded water. Q: Which one is more likely to be the cause, choice 1 or choice 2?",The man held his breath.,He went underwater.,He treaded water.,cause,1.0257279872894287,-1.5898478031158447,1,2.6155757904052734,1.5898478031158447
"Consider the following example: ‘‘‘The man read the cartoon in the newspaper.’’’ Choice 1: He sipped coffee. Choice 2: He chuckled. Q: Which one is more likely to be the effect, choice 1 or choice 2?",The man read the cartoon in the newspaper.,He sipped coffee.,He chuckled.,effect,0.014717821031808853,-0.23677487671375275,2,0.2514926977455616,0.23677487671375275
"Consider the following example: ‘‘‘The man revealed personal information to the therapist.’’’ Choice 1: He trusted the therapist. Choice 2: He disagreed with the therapist. Q: Which one is more likely to be the cause, choice 1 or choice 2?",The man revealed personal information to the therapist.,He trusted the therapist.,He disagreed with the therapist.,cause,-2.145451068878174,2.8886001110076904,1,5.034051179885864,2.8886001110076904
"Consider the following example: ‘‘‘The man threw his empty can onto the street.’’’ Choice 1: He was jumped from behind. Choice 2: He was fined for littering. Q: Which one is more likely to be the effect, choice 1 or choice 2?",The man threw his empty can onto the street.,He was jumped from behind.,He was fined for littering.,effect,1.0769193172454834,-1.5839848518371582,2,2.6609041690826416,1.5839848518371582
"Consider the following example: ‘‘‘The man threw out the bread.’’’ Choice 1: It was fresh. Choice 2: It was stale. Q: Which one is more likely to be the cause, choice 1 or choice 2?",The man threw out the bread.,It was fresh.,It was stale.,cause,-1.134530782699585,1.981640338897705,2,3.11617112159729,1.981640338897705
"Consider the following example: ‘‘‘The man took a shower.’’’ Choice 1: He was sweaty from working out. Choice 2: He opened a new bar of soap. Q: Which one is more likely to be the cause, choice 1 or choice 2?",The man took a shower.,He was sweaty from working out.,He opened a new bar of soap.,cause,0.48230603337287903,-1.0673887729644775,1,1.5496948063373566,1.0673887729644775
"Consider the following example: ‘‘‘The man turned on the faucet.’’’ Choice 1: The toilet filled with water. Choice 2: Water flowed from the spout. Q: Which one is more likely to be the effect, choice 1 or choice 2?",The man turned on the faucet.,The toilet filled with water.,Water flowed from the spout.,effect,2.738339900970459,-3.456350803375244,2,6.194690704345703,3.456350803375244
"Consider the following example: ‘‘‘The man urgently leaped out of bed.’’’ Choice 1: He wanted to shut off the alarm clock. Choice 2: He wanted to iron his pants before work. Q: Which one is more likely to be the cause, choice 1 or choice 2?",The man urgently leaped out of bed.,He wanted to shut off the alarm clock.,He wanted to iron his pants before work.,cause,-0.09941758960485458,0.08422145247459412,1,0.1836390420794487,0.09941758960485458
"Consider the following example: ‘‘‘The man wanted to get revenge on his enemy.’’’ Choice 1: The man framed his enemy for a crime. Choice 2: The man declared a truce with his enemy. Q: Which one is more likely to be the effect, choice 1 or choice 2?",The man wanted to get revenge on his enemy.,The man framed his enemy for a crime.,The man declared a truce with his enemy.,effect,1.3300106525421143,-2.207284450531006,1,3.53729510307312,2.207284450531006
"Consider the following example: ‘‘‘The man was lost.’’’ Choice 1: He asked for directions. Choice 2: He drew a map. Q: Which one is more likely to be the effect, choice 1 or choice 2?",The man was lost.,He asked for directions.,He drew a map.,effect,-0.7996902465820312,0.8519986867904663,1,1.6516889333724976,0.8519986867904663
"Consider the following example: ‘‘‘The man went away for the weekend.’’’ Choice 1: He wanted to relax. Choice 2: He felt content. Q: Which one is more likely to be the cause, choice 1 or choice 2?",The man went away for the weekend.,He wanted to relax.,He felt content.,cause,0.6468750238418579,-0.6703639626502991,1,1.317238986492157,0.6703639626502991
"Consider the following example: ‘‘‘The man went into denial about the tragedy.’’’ Choice 1: He got over it easily. Choice 2: He refused to talk about it. Q: Which one is more likely to be the effect, choice 1 or choice 2?",The man went into denial about the tragedy.,He got over it easily.,He refused to talk about it.,effect,-1.4170820713043213,1.6148905754089355,2,3.031972646713257,1.6148905754089355
"Consider the following example: ‘‘‘The man woke up with a toothache.’’’ Choice 1: He missed an appointment with the dentist. Choice 2: He made an appointment with the dentist. Q: Which one is more likely to be the effect, choice 1 or choice 2?",The man woke up with a toothache.,He missed an appointment with the dentist.,He made an appointment with the dentist.,effect,1.4059348106384277,-1.9276797771453857,2,3.3336145877838135,1.9276797771453857
"Consider the following example: ‘‘‘The man won the lottery.’’’ Choice 1: He became rich. Choice 2: He owed money. Q: Which one is more likely to be the effect, choice 1 or choice 2?",The man won the lottery.,He became rich.,He owed money.,effect,-0.9494202136993408,1.450447916984558,1,2.399868130683899,1.450447916984558
"Consider the following example: ‘‘‘The man's clothes fit loosely.’’’ Choice 1: He bought them on sale. Choice 2: He lost weight. Q: Which one is more likely to be the cause, choice 1 or choice 2?",The man's clothes fit loosely.,He bought them on sale.,He lost weight.,cause,-0.16166451573371887,0.13103803992271423,2,0.2927025556564331,0.16166451573371887
"Consider the following example: ‘‘‘The man's pocket jingled as he walked.’’’ Choice 1: His pocket was filled with coins. Choice 2: He sewed the hole in his pocket. Q: Which one is more likely to be the cause, choice 1 or choice 2?",The man's pocket jingled as he walked.,His pocket was filled with coins.,He sewed the hole in his pocket.,cause,-0.1708793044090271,0.15070360898971558,1,0.3215829133987427,0.1708793044090271
"Consider the following example: ‘‘‘The man's watch was broken.’’’ Choice 1: He waited at the bus stop. Choice 2: He asked a stranger for the time. Q: Which one is more likely to be the effect, choice 1 or choice 2?",The man's watch was broken.,He waited at the bus stop.,He asked a stranger for the time.,effect,-0.3641837239265442,0.4911491274833679,2,0.8553328514099121,0.4911491274833679
"Consider the following example: ‘‘‘The milk stayed cold.’’’ Choice 1: It was pasteurized. Choice 2: I stored it in the refrigerator. Q: Which one is more likely to be the cause, choice 1 or choice 2?",The milk stayed cold.,It was pasteurized.,I stored it in the refrigerator.,cause,0.7972937822341919,-1.543555498123169,2,2.340849280357361,1.543555498123169
"Consider the following example: ‘‘‘The mother called an ambulance.’’’ Choice 1: Her son lost his cat. Choice 2: Her son fell out of his bed. Q: Which one is more likely to be the cause, choice 1 or choice 2?",The mother called an ambulance.,Her son lost his cat.,Her son fell out of his bed.,cause,0.6005976796150208,-0.2927495837211609,2,0.8933472633361816,0.6005976796150208
"Consider the following example: ‘‘‘The mother scolded her daughter.’’’ Choice 1: Her daughter burped at the kitchen table. Choice 2: Her daughter set the kitchen table. Q: Which one is more likely to be the cause, choice 1 or choice 2?",The mother scolded her daughter.,Her daughter burped at the kitchen table.,Her daughter set the kitchen table.,cause,1.2816650867462158,-1.6668869256973267,1,2.9485520124435425,1.6668869256973267
"Consider the following example: ‘‘‘The mother suspected that her son was lying.’’’ Choice 1: He refused to talk to her. Choice 2: He avoided making eye contact with her. Q: Which one is more likely to be the cause, choice 1 or choice 2?",The mother suspected that her son was lying.,He refused to talk to her.,He avoided making eye contact with her.,cause,1.4549134969711304,-1.1393616199493408,2,2.594275116920471,1.4549134969711304
"Consider the following example: ‘‘‘The motorcyclist twisted the throttle.’’’ Choice 1: The motorcycle coasted to a halt. Choice 2: The motorcycle shot forward. Q: Which one is more likely to be the effect, choice 1 or choice 2?",The motorcyclist twisted the throttle.,The motorcycle coasted to a halt.,The motorcycle shot forward.,effect,-1.0002683401107788,1.0623605251312256,2,2.0626288652420044,1.0623605251312256
"Consider the following example: ‘‘‘The ocean tide was dangerous.’’’ Choice 1: The swimmers put on more sunscreen. Choice 2: The swimmers returned towards the shore. Q: Which one is more likely to be the effect, choice 1 or choice 2?",The ocean tide was dangerous.,The swimmers put on more sunscreen.,The swimmers returned towards the shore.,effect,-0.5495521426200867,0.2824167013168335,2,0.8319688439369202,0.5495521426200867
"Consider the following example: ‘‘‘The offender violated parole.’’’ Choice 1: She was sent back to jail. Choice 2: She stole money from a church. Q: Which one is more likely to be the effect, choice 1 or choice 2?",The offender violated parole.,She was sent back to jail.,She stole money from a church.,effect,0.8333508968353271,-1.1803137063980103,1,2.0136646032333374,1.1803137063980103
"Consider the following example: ‘‘‘The pair of students came under scrutiny by the teacher.’’’ Choice 1: The students both received excellent grades. Choice 2: Their responses on the assignment were identical. Q: Which one is more likely to be the cause, choice 1 or choice 2?",The pair of students came under scrutiny by the teacher.,The students both received excellent grades.,Their responses on the assignment were identical.,cause,-0.18201090395450592,0.24570763111114502,2,0.42771853506565094,0.24570763111114502
"Consider the following example: ‘‘‘The parents left their children with a babysitter.’’’ Choice 1: Their youngest child started attending preschool. Choice 2: They made plans to celebrate their anniversary. Q: Which one is more likely to be the cause, choice 1 or choice 2?",The parents left their children with a babysitter.,Their youngest child started attending preschool.,They made plans to celebrate their anniversary.,cause,-0.2874898314476013,0.5556864738464355,2,0.8431763052940369,0.5556864738464355
"Consider the following example: ‘‘‘The parents recognized their daughter's creativity.’’’ Choice 1: They taught her how to ride a bike. Choice 2: They encouraged her to become an artist. Q: Which one is more likely to be the effect, choice 1 or choice 2?",The parents recognized their daughter's creativity.,They taught her how to ride a bike.,They encouraged her to become an artist.,effect,0.7380161285400391,-1.5305198431015015,2,2.2685359716415405,1.5305198431015015
"Consider the following example: ‘‘‘The patient underwent the risky medical procedure.’’’ Choice 1: The procedure was costly. Choice 2: Specialists recommended the procedure. Q: Which one is more likely to be the cause, choice 1 or choice 2?",The patient underwent the risky medical procedure.,The procedure was costly.,Specialists recommended the procedure.,cause,1.2819709777832031,-1.6153619289398193,2,2.8973329067230225,1.6153619289398193
"Consider the following example: ‘‘‘The patient went into a coma.’’’ Choice 1: He suffered emotional trauma. Choice 2: He suffered brain damage. Q: Which one is more likely to be the cause, choice 1 or choice 2?",The patient went into a coma.,He suffered emotional trauma.,He suffered brain damage.,cause,-0.3057610094547272,0.39615875482559204,2,0.7019197642803192,0.39615875482559204
"Consider the following example: ‘‘‘The pharmaceutical company recalled the drug.’’’ Choice 1: Users reported dangerous side effects. Choice 2: Users got refills on their prescriptions. Q: Which one is more likely to be the cause, choice 1 or choice 2?",The pharmaceutical company recalled the drug.,Users reported dangerous side effects.,Users got refills on their prescriptions.,cause,1.7118874788284302,-2.8228683471679688,1,4.534755825996399,2.8228683471679688
"Consider the following example: ‘‘‘The photo albums collected dust in the attic.’’’ Choice 1: They remained untouched for years. Choice 2: The family reminisced over the photos. Q: Which one is more likely to be the cause, choice 1 or choice 2?",The photo albums collected dust in the attic.,They remained untouched for years.,The family reminisced over the photos.,cause,1.2229994535446167,-1.515385627746582,1,2.7383850812911987,1.515385627746582
"Consider the following example: ‘‘‘The physician misdiagnosed the patient.’’’ Choice 1: The patient filed a malpractice lawsuit against the physician. Choice 2: The patient disclosed confidential information to the physician. Q: Which one is more likely to be the effect, choice 1 or choice 2?",The physician misdiagnosed the patient.,The patient filed a malpractice lawsuit against the physician.,The patient disclosed confidential information to the physician.,effect,0.3200065791606903,-0.5364564657211304,1,0.8564630448818207,0.5364564657211304
"Consider the following example: ‘‘‘The player caught the ball.’’’ Choice 1: Her teammate threw it to her. Choice 2: Her opponent tried to intercept it. Q: Which one is more likely to be the cause, choice 1 or choice 2?",The player caught the ball.,Her teammate threw it to her.,Her opponent tried to intercept it.,cause,-1.1849254369735718,2.059988021850586,1,3.2449134588241577,2.059988021850586
"Consider the following example: ‘‘‘The police eliminated the woman from the list of suspects.’’’ Choice 1: The police interrogated her. Choice 2: Her alibi checked out. Q: Which one is more likely to be the cause, choice 1 or choice 2?",The police eliminated the woman from the list of suspects.,The police interrogated her.,Her alibi checked out.,cause,1.3813986778259277,-2.0614218711853027,2,3.4428205490112305,2.0614218711853027
"Consider the following example: ‘‘‘The police officer pulled over the celebrity.’’’ Choice 1: The celebrity offered the officer a bribe. Choice 2: The celebrity sued the police officer. Q: Which one is more likely to be the effect, choice 1 or choice 2?",The police officer pulled over the celebrity.,The celebrity offered the officer a bribe.,The celebrity sued the police officer.,effect,0.7350290417671204,-0.7238864898681641,1,1.4589155316352844,0.7350290417671204
"Consider the following example: ‘‘‘The product was heavily advertised.’’’ Choice 1: Consumers recognized the product. Choice 2: The product became outdated. Q: Which one is more likely to be the effect, choice 1 or choice 2?",The product was heavily advertised.,Consumers recognized the product.,The product became outdated.,effect,-1.8291136026382446,2.272799491882324,1,4.101913094520569,2.272799491882324
"Consider the following example: ‘‘‘The retail shop shut down.’’’ Choice 1: Its sales were lagging. Choice 2: It renewed its lease. Q: Which one is more likely to be the cause, choice 1 or choice 2?",The retail shop shut down.,Its sales were lagging.,It renewed its lease.,cause,0.7904561758041382,-0.8987603783607483,1,1.6892165541648865,0.8987603783607483
"Consider the following example: ‘‘‘The ring on my finger got stuck.’’’ Choice 1: My finger swelled. Choice 2: I chipped my fingernail. Q: Which one is more likely to be the cause, choice 1 or choice 2?",The ring on my finger got stuck.,My finger swelled.,I chipped my fingernail.,cause,0.7053707838058472,-0.3905514180660248,1,1.095922201871872,0.7053707838058472
"Consider the following example: ‘‘‘The rocket flew up into the sky.’’’ Choice 1: The girl launched it. Choice 2: The girl designed it. Q: Which one is more likely to be the cause, choice 1 or choice 2?",The rocket flew up into the sky.,The girl launched it.,The girl designed it.,cause,0.5698643326759338,-1.0335478782653809,1,1.6034122109413147,1.0335478782653809
"Consider the following example: ‘‘‘The runner wore shorts.’’’ Choice 1: The forecast predicted high temperatures. Choice 2: She planned to run along the beach. Q: Which one is more likely to be the cause, choice 1 or choice 2?",The runner wore shorts.,The forecast predicted high temperatures.,She planned to run along the beach.,cause,0.6127648949623108,-1.3084901571273804,1,1.9212550520896912,1.3084901571273804
"Consider the following example: ‘‘‘The school principal implemented a dress code.’’’ Choice 1: Students protested the decision. Choice 2: Students were expelled from school. Q: Which one is more likely to be the effect, choice 1 or choice 2?",The school principal implemented a dress code.,Students protested the decision.,Students were expelled from school.,effect,-1.0356042385101318,1.9803392887115479,1,3.0159435272216797,1.9803392887115479
"Consider the following example: ‘‘‘The scientist conducted an experiment.’’’ Choice 1: She validated her theory. Choice 2: She fabricated her data. Q: Which one is more likely to be the effect, choice 1 or choice 2?",The scientist conducted an experiment.,She validated her theory.,She fabricated her data.,effect,-2.7391605377197266,3.719642400741577,1,6.458802938461304,3.719642400741577
"Consider the following example: ‘‘‘The scientist gained recognition.’’’ Choice 1: She discovered a new species. Choice 2: She received tenure at the university. Q: Which one is more likely to be the cause, choice 1 or choice 2?",The scientist gained recognition.,She discovered a new species.,She received tenure at the university.,cause,0.418693482875824,-0.4547656178474426,1,0.8734591007232666,0.4547656178474426
"Consider the following example: ‘‘‘The seasons changed from summer to autumn.’’’ Choice 1: People evacuated their homes. Choice 2: Leaves fell from the trees. Q: Which one is more likely to be the effect, choice 1 or choice 2?",The seasons changed from summer to autumn.,People evacuated their homes.,Leaves fell from the trees.,effect,0.8087992668151855,-1.5105171203613281,2,2.3193163871765137,1.5105171203613281
"Consider the following example: ‘‘‘The secretary put the caller on hold.’’’ Choice 1: The caller's phone lost reception. Choice 2: The caller waited on the line. Q: Which one is more likely to be the effect, choice 1 or choice 2?",The secretary put the caller on hold.,The caller's phone lost reception.,The caller waited on the line.,effect,1.4416823387145996,-1.9108874797821045,2,3.352569818496704,1.9108874797821045
"Consider the following example: ‘‘‘The shirt shrunk.’’’ Choice 1: I poured bleach on it. Choice 2: I put it in the dryer. Q: Which one is more likely to be the cause, choice 1 or choice 2?",The shirt shrunk.,I poured bleach on it.,I put it in the dryer.,cause,1.811466932296753,-2.4214372634887695,2,4.2329041957855225,2.4214372634887695
"Consider the following example: ‘‘‘The shop was closed.’’’ Choice 1: The owner was helping customers. Choice 2: The shop was undergoing renovation. Q: Which one is more likely to be the cause, choice 1 or choice 2?",The shop was closed.,The owner was helping customers.,The shop was undergoing renovation.,cause,-0.6824207305908203,1.198203206062317,2,1.8806239366531372,1.198203206062317
"Consider the following example: ‘‘‘The shopper wondered about the cost of the item.’’’ Choice 1: He checked its price tag. Choice 2: He decided to buy it. Q: Which one is more likely to be the effect, choice 1 or choice 2?",The shopper wondered about the cost of the item.,He checked its price tag.,He decided to buy it.,effect,0.03317062556743622,-0.2917059361934662,1,0.3248765617609024,0.2917059361934662
"Consider the following example: ‘‘‘The skier slipped on the slope.’’’ Choice 1: She dropped her ski poles. Choice 2: She hit a patch of ice. Q: Which one is more likely to be the cause, choice 1 or choice 2?",The skier slipped on the slope.,She dropped her ski poles.,She hit a patch of ice.,cause,0.3683924674987793,0.45166337490081787,2,0.08327090740203857,0.45166337490081787
"Consider the following example: ‘‘‘The skydiver glided safely to the ground.’’’ Choice 1: She opened her parachute. Choice 2: She jumped out of the plane. Q: Which one is more likely to be the cause, choice 1 or choice 2?",The skydiver glided safely to the ground.,She opened her parachute.,She jumped out of the plane.,cause,-1.2147423028945923,1.6860606670379639,1,2.900802969932556,1.6860606670379639
"Consider the following example: ‘‘‘The smoke alarm went off.’’’ Choice 1: I lit a candle. Choice 2: I burnt my dinner. Q: Which one is more likely to be the cause, choice 1 or choice 2?",The smoke alarm went off.,I lit a candle.,I burnt my dinner.,cause,-2.063821792602539,2.7576167583465576,2,4.821438550949097,2.7576167583465576
"Consider the following example: ‘‘‘The stain came out of the shirt.’’’ Choice 1: I patched the shirt. Choice 2: I bleached the shirt. Q: Which one is more likely to be the cause, choice 1 or choice 2?",The stain came out of the shirt.,I patched the shirt.,I bleached the shirt.,cause,-1.5104280710220337,1.6545171737670898,2,3.1649452447891235,1.6545171737670898
"Consider the following example: ‘‘‘The student flaunted his test grade to his classmates.’’’ Choice 1: He received a perfect score. Choice 2: He feigned interest in the class. Q: Which one is more likely to be the cause, choice 1 or choice 2?",The student flaunted his test grade to his classmates.,He received a perfect score.,He feigned interest in the class.,cause,-0.2383018136024475,0.6125996112823486,1,0.8509014248847961,0.6125996112823486
"Consider the following example: ‘‘‘The student forgot to do her assignment.’’’ Choice 1: She made up an excuse to tell the teacher. Choice 2: The teacher promoted her to the next grade. Q: Which one is more likely to be the effect, choice 1 or choice 2?",The student forgot to do her assignment.,She made up an excuse to tell the teacher.,The teacher promoted her to the next grade.,effect,0.7900885343551636,-0.6278961896896362,1,1.4179847240447998,0.7900885343551636
"Consider the following example: ‘‘‘The student was in a rush to get to school on time.’’’ Choice 1: He left his assignment at home. Choice 2: He brought his lunch to school. Q: Which one is more likely to be the effect, choice 1 or choice 2?",The student was in a rush to get to school on time.,He left his assignment at home.,He brought his lunch to school.,effect,1.2390434741973877,-2.0426955223083496,1,3.2817389965057373,2.0426955223083496
"Consider the following example: ‘‘‘The student's answer on the exam was incorrect.’’’ Choice 1: The teacher added bonus points to the student's grade. Choice 2: The teacher subtracted points off the student's grade. Q: Which one is more likely to be the effect, choice 1 or choice 2?",The student's answer on the exam was incorrect.,The teacher added bonus points to the student's grade.,The teacher subtracted points off the student's grade.,effect,-0.5432957410812378,1.2095879316329956,2,1.7528836727142334,1.2095879316329956
"Consider the following example: ‘‘‘The sun emerged from the clouds.’’’ Choice 1: The woman glanced at her watch. Choice 2: The woman took her sweater off. Q: Which one is more likely to be the effect, choice 1 or choice 2?",The sun emerged from the clouds.,The woman glanced at her watch.,The woman took her sweater off.,effect,-0.32992297410964966,-0.08298220485448837,2,0.24694076925516129,0.32992297410964966
"Consider the following example: ‘‘‘The surfer caught the wave.’’’ Choice 1: The wave carried her to the shore. Choice 2: She paddled her board into the ocean. Q: Which one is more likely to be the effect, choice 1 or choice 2?",The surfer caught the wave.,The wave carried her to the shore.,She paddled her board into the ocean.,effect,1.306001901626587,-1.8675110340118408,1,3.1735129356384277,1.8675110340118408
"Consider the following example: ‘‘‘The teacher assigned homework to the students.’’’ Choice 1: The students passed notes. Choice 2: The students groaned. Q: Which one is more likely to be the effect, choice 1 or choice 2?",The teacher assigned homework to the students.,The students passed notes.,The students groaned.,effect,-0.3730042576789856,0.5308933258056641,2,0.9038975834846497,0.5308933258056641
"Consider the following example: ‘‘‘The teacher caught the student chewing gum.’’’ Choice 1: The gum stuck to the student's shoe. Choice 2: The student spit out the gum. Q: Which one is more likely to be the effect, choice 1 or choice 2?",The teacher caught the student chewing gum.,The gum stuck to the student's shoe.,The student spit out the gum.,effect,1.614276647567749,-2.198418378829956,2,3.812695026397705,2.198418378829956
"Consider the following example: ‘‘‘The teacher took roll.’’’ Choice 1: She identified the students that were absent. Choice 2: She gave her students a pop quiz. Q: Which one is more likely to be the effect, choice 1 or choice 2?",The teacher took roll.,She identified the students that were absent.,She gave her students a pop quiz.,effect,-0.3568588197231293,0.7972813844680786,1,1.1541402041912079,0.7972813844680786
"Consider the following example: ‘‘‘The tenant misplaced his keys to his apartment.’’’ Choice 1: His landlord unlocked the door. Choice 2: His landlord repaired the door. Q: Which one is more likely to be the effect, choice 1 or choice 2?",The tenant misplaced his keys to his apartment.,His landlord unlocked the door.,His landlord repaired the door.,effect,0.38767480850219727,-0.5212301015853882,1,0.9089049100875854,0.5212301015853882
"Consider the following example: ‘‘‘The truck crashed into the motorcycle on the bridge.’’’ Choice 1: The motorcyclist died. Choice 2: The bridge collapsed. Q: Which one is more likely to be the effect, choice 1 or choice 2?",The truck crashed into the motorcycle on the bridge.,The motorcyclist died.,The bridge collapsed.,effect,-0.4316503405570984,0.7589917182922363,1,1.1906420588493347,0.7589917182922363
"Consider the following example: ‘‘‘The vandals threw a rock at the window.’’’ Choice 1: The window cracked. Choice 2: The window fogged up. Q: Which one is more likely to be the effect, choice 1 or choice 2?",The vandals threw a rock at the window.,The window cracked.,The window fogged up.,effect,0.28890156745910645,-0.9131371974945068,1,1.2020387649536133,0.9131371974945068
"Consider the following example: ‘‘‘The vehicles travelled slowly.’’’ Choice 1: It was cloudy. Choice 2: It was foggy. Q: Which one is more likely to be the cause, choice 1 or choice 2?",The vehicles travelled slowly.,It was cloudy.,It was foggy.,cause,-0.9096349477767944,0.8362964987754822,2,1.7459314465522766,0.9096349477767944
"Consider the following example: ‘‘‘The water in the teapot started to boil.’’’ Choice 1: The teapot cooled. Choice 2: The teapot whistled. Q: Which one is more likely to be the effect, choice 1 or choice 2?",The water in the teapot started to boil.,The teapot cooled.,The teapot whistled.,effect,0.05455438420176506,-0.060832202434539795,2,0.11538658663630486,0.060832202434539795
"Consider the following example: ‘‘‘The woman awakened.’’’ Choice 1: She took sleeping pills. Choice 2: Her husband was snoring. Q: Which one is more likely to be the cause, choice 1 or choice 2?",The woman awakened.,She took sleeping pills.,Her husband was snoring.,cause,0.2997153401374817,-0.34270623326301575,2,0.6424215734004974,0.34270623326301575
"Consider the following example: ‘‘‘The woman banished the children from her property.’’’ Choice 1: The children hit a ball into her yard. Choice 2: The children trampled through her garden. Q: Which one is more likely to be the cause, choice 1 or choice 2?",The woman banished the children from her property.,The children hit a ball into her yard.,The children trampled through her garden.,cause,-0.5697611570358276,1.2273433208465576,2,1.7971044778823853,1.2273433208465576
"Consider the following example: ‘‘‘The woman became famous.’’’ Choice 1: Photographers followed her. Choice 2: Her family avoided her. Q: Which one is more likely to be the effect, choice 1 or choice 2?",The woman became famous.,Photographers followed her.,Her family avoided her.,effect,-0.635473370552063,0.8265893459320068,1,1.4620627164840698,0.8265893459320068
"Consider the following example: ‘‘‘The woman betrayed her friend.’’’ Choice 1: Her friend sent her a greeting card. Choice 2: Her friend cut off contact with her. Q: Which one is more likely to be the effect, choice 1 or choice 2?",The woman betrayed her friend.,Her friend sent her a greeting card.,Her friend cut off contact with her.,effect,-2.0012636184692383,2.55642032623291,2,4.557683944702148,2.55642032623291
"Consider the following example: ‘‘‘The woman complimented the man.’’’ Choice 1: He sneezed. Choice 2: He blushed. Q: Which one is more likely to be the effect, choice 1 or choice 2?",The woman complimented the man.,He sneezed.,He blushed.,effect,0.8396940231323242,-1.2864186763763428,2,2.126112699508667,1.2864186763763428
"Consider the following example: ‘‘‘The woman covered her mouth with her hand.’’’ Choice 1: She exhaled. Choice 2: She sneezed. Q: Which one is more likely to be the cause, choice 1 or choice 2?",The woman covered her mouth with her hand.,She exhaled.,She sneezed.,cause,-0.20307672023773193,0.5749668478965759,2,0.7780435681343079,0.5749668478965759
"Consider the following example: ‘‘‘The woman dangled the biscuit above the dog.’’’ Choice 1: The dog jumped up. Choice 2: The dog scratched its fur. Q: Which one is more likely to be the effect, choice 1 or choice 2?",The woman dangled the biscuit above the dog.,The dog jumped up.,The dog scratched its fur.,effect,0.1048724502325058,-0.16932404041290283,1,0.27419649064540863,0.16932404041290283
"Consider the following example: ‘‘‘The woman felt ashamed of scar on her face.’’’ Choice 1: She explained the scar to strangers. Choice 2: She hid the scar with makeup. Q: Which one is more likely to be the effect, choice 1 or choice 2?",The woman felt ashamed of scar on her face.,She explained the scar to strangers.,She hid the scar with makeup.,effect,-0.32825908064842224,0.623052179813385,2,0.9513112604618073,0.623052179813385
"Consider the following example: ‘‘‘The woman felt compelled to help someone in need.’’’ Choice 1: She donated blood. Choice 2: She wrote a poem. Q: Which one is more likely to be the effect, choice 1 or choice 2?",The woman felt compelled to help someone in need.,She donated blood.,She wrote a poem.,effect,0.3112848997116089,-0.5706609487533569,1,0.8819458484649658,0.5706609487533569
"Consider the following example: ‘‘‘The woman felt lonely.’’’ Choice 1: She renovated her kitchen. Choice 2: She adopted a cat. Q: Which one is more likely to be the effect, choice 1 or choice 2?",The woman felt lonely.,She renovated her kitchen.,She adopted a cat.,effect,-0.13055187463760376,-0.02329164370894432,2,0.10726023092865944,0.13055187463760376
"Consider the following example: ‘‘‘The woman felt reluctant to switch careers.’’’ Choice 1: She made a lot of money in her current occupation. Choice 2: She endured a lot of stress in her current occupation. Q: Which one is more likely to be the cause, choice 1 or choice 2?",The woman felt reluctant to switch careers.,She made a lot of money in her current occupation.,She endured a lot of stress in her current occupation.,cause,-1.4384287595748901,1.2408466339111328,1,2.679275393486023,1.4384287595748901
"Consider the following example: ‘‘‘The woman filed a restraining order against the man.’’’ Choice 1: The man called her. Choice 2: The man stalked her. Q: Which one is more likely to be the cause, choice 1 or choice 2?",The woman filed a restraining order against the man.,The man called her.,The man stalked her.,cause,-2.2872238159179688,3.0393192768096924,2,5.326543092727661,3.0393192768096924
"Consider the following example: ‘‘‘The woman gave the man her phone number.’’’ Choice 1: She was attracted to him. Choice 2: She was repulsed by him. Q: Which one is more likely to be the cause, choice 1 or choice 2?",The woman gave the man her phone number.,She was attracted to him.,She was repulsed by him.,cause,-1.211592435836792,1.7564274072647095,1,2.9680198431015015,1.7564274072647095
"Consider the following example: ‘‘‘The woman had a religious awakening.’’’ Choice 1: She began going to church. Choice 2: She began travelling abroad. Q: Which one is more likely to be the effect, choice 1 or choice 2?",The woman had a religious awakening.,She began going to church.,She began travelling abroad.,effect,-0.8438794612884521,0.8199800252914429,1,1.663859486579895,0.8438794612884521
"Consider the following example: ‘‘‘The woman had an infection.’’’ Choice 1: She took antibiotics. Choice 2: She washed her hands. Q: Which one is more likely to be the effect, choice 1 or choice 2?",The woman had an infection.,She took antibiotics.,She washed her hands.,effect,0.5972796678543091,-1.2010118961334229,1,1.798291563987732,1.2010118961334229
"Consider the following example: ‘‘‘The woman hummed to herself.’’’ Choice 1: She was nervous. Choice 2: She was in a good mood. Q: Which one is more likely to be the cause, choice 1 or choice 2?",The woman hummed to herself.,She was nervous.,She was in a good mood.,cause,1.3467053174972534,-2.096926212310791,2,3.4436315298080444,2.096926212310791
"Consider the following example: ‘‘‘The woman presented her brother with a gift.’’’ Choice 1: Her brother refused to accept the gift. Choice 2: Her brother unwrapped the gift. Q: Which one is more likely to be the effect, choice 1 or choice 2?",The woman presented her brother with a gift.,Her brother refused to accept the gift.,Her brother unwrapped the gift.,effect,1.8592569828033447,-1.7465928792953491,2,3.605849862098694,1.8592569828033447
"Consider the following example: ‘‘‘The woman received a diploma.’’’ Choice 1: She enrolled in college. Choice 2: She graduated from college. Q: Which one is more likely to be the cause, choice 1 or choice 2?",The woman received a diploma.,She enrolled in college.,She graduated from college.,cause,-0.008287128061056137,0.0852985605597496,2,0.09358568862080574,0.0852985605597496
"Consider the following example: ‘‘‘The woman refused a second beer.’’’ Choice 1: She was the designated driver for the night. Choice 2: She was familiar with the bartender. Q: Which one is more likely to be the cause, choice 1 or choice 2?",The woman refused a second beer.,She was the designated driver for the night.,She was familiar with the bartender.,cause,0.6136868596076965,-0.6885500550270081,1,1.3022369146347046,0.6885500550270081
"Consider the following example: ‘‘‘The woman sensed a pleasant smell.’’’ Choice 1: She remembered to take her medication. Choice 2: She was reminded of her childhood. Q: Which one is more likely to be the effect, choice 1 or choice 2?",The woman sensed a pleasant smell.,She remembered to take her medication.,She was reminded of her childhood.,effect,-0.9527523517608643,0.8378407955169678,2,1.790593147277832,0.9527523517608643
"Consider the following example: ‘‘‘The woman spoke with a foreign accent.’’’ Choice 1: She came from a wealthy family. Choice 2: She migrated from another country. Q: Which one is more likely to be the cause, choice 1 or choice 2?",The woman spoke with a foreign accent.,She came from a wealthy family.,She migrated from another country.,cause,-0.13916492462158203,0.08640360832214355,2,0.22556853294372559,0.13916492462158203
"Consider the following example: ‘‘‘The woman suffered amnesia.’’’ Choice 1: She had an allergic reaction. Choice 2: She got into a car accident. Q: Which one is more likely to be the cause, choice 1 or choice 2?",The woman suffered amnesia.,She had an allergic reaction.,She got into a car accident.,cause,-0.3509599566459656,0.42724359035491943,2,0.778203547000885,0.42724359035491943
"Consider the following example: ‘‘‘The woman tolerated her friend's difficult behavior.’’’ Choice 1: The woman knew her friend was going through a hard time. Choice 2: The woman felt that her friend took advantage of her kindness. Q: Which one is more likely to be the cause, choice 1 or choice 2?",The woman tolerated her friend's difficult behavior.,The woman knew her friend was going through a hard time.,The woman felt that her friend took advantage of her kindness.,cause,-2.555840492248535,3.0662460327148438,1,5.622086524963379,3.0662460327148438
"Consider the following example: ‘‘‘The woman took her family on vacation.’’’ Choice 1: Her husband got laid off. Choice 2: She received a salary bonus. Q: Which one is more likely to be the cause, choice 1 or choice 2?",The woman took her family on vacation.,Her husband got laid off.,She received a salary bonus.,cause,2.0605039596557617,-2.1622092723846436,2,4.222713232040405,2.1622092723846436
"Consider the following example: ‘‘‘The woman upgraded her computer hardware.’’’ Choice 1: She deleted old files on the computer. Choice 2: She installed new software on the computer. Q: Which one is more likely to be the effect, choice 1 or choice 2?",The woman upgraded her computer hardware.,She deleted old files on the computer.,She installed new software on the computer.,effect,-0.21998995542526245,-0.5016839504241943,2,0.2816939949989319,0.5016839504241943
"Consider the following example: ‘‘‘The woman visited her family.’’’ Choice 1: She distrusted them. Choice 2: She missed them. Q: Which one is more likely to be the cause, choice 1 or choice 2?",The woman visited her family.,She distrusted them.,She missed them.,cause,2.1910529136657715,-2.9780406951904297,2,5.169093608856201,2.9780406951904297
"Consider the following example: ‘‘‘The woman walked with crutches.’’’ Choice 1: She shaved her legs. Choice 2: She broke her leg. Q: Which one is more likely to be the cause, choice 1 or choice 2?",The woman walked with crutches.,She shaved her legs.,She broke her leg.,cause,-1.6098837852478027,2.277845859527588,2,3.8877296447753906,2.277845859527588
"Consider the following example: ‘‘‘The woman wanted to be a doctor.’’’ Choice 1: She visited the hospital. Choice 2: She went to medical school. Q: Which one is more likely to be the effect, choice 1 or choice 2?",The woman wanted to be a doctor.,She visited the hospital.,She went to medical school.,effect,0.1796540766954422,-0.26747143268585205,2,0.44712550938129425,0.26747143268585205
"Consider the following example: ‘‘‘The woman was arrested.’’’ Choice 1: She checked into rehab. Choice 2: She committed assault. Q: Which one is more likely to be the cause, choice 1 or choice 2?",The woman was arrested.,She checked into rehab.,She committed assault.,cause,-1.9735338687896729,2.6040828227996826,2,4.5776166915893555,2.6040828227996826
"Consider the following example: ‘‘‘The woman was deemed mentally ill.’’’ Choice 1: She was sent to a psychiatric institution. Choice 2: She sought a career as a psychiatrist. Q: Which one is more likely to be the effect, choice 1 or choice 2?",The woman was deemed mentally ill.,She was sent to a psychiatric institution.,She sought a career as a psychiatrist.,effect,1.498600959777832,-1.8343853950500488,1,3.332986354827881,1.8343853950500488
"Consider the following example: ‘‘‘The woman was in a bad mood.’’’ Choice 1: She engaged in small talk with her friend. Choice 2: She told her friend to leave her alone. Q: Which one is more likely to be the effect, choice 1 or choice 2?",The woman was in a bad mood.,She engaged in small talk with her friend.,She told her friend to leave her alone.,effect,-2.7948718070983887,2.7490806579589844,2,5.543952465057373,2.7948718070983887
"Consider the following example: ‘‘‘The woman was summoned for jury duty.’’’ Choice 1: She contacted her lawyer. Choice 2: She cancelled her appointments. Q: Which one is more likely to be the effect, choice 1 or choice 2?",The woman was summoned for jury duty.,She contacted her lawyer.,She cancelled her appointments.,effect,0.24162259697914124,0.21930263936519623,2,0.022319957613945007,0.24162259697914124
"Consider the following example: ‘‘‘The woman won the lottery.’’’ Choice 1: She bought a yacht. Choice 2: She joined a church. Q: Which one is more likely to be the effect, choice 1 or choice 2?",The woman won the lottery.,She bought a yacht.,She joined a church.,effect,0.38698339462280273,-1.1156895160675049,1,1.5026729106903076,1.1156895160675049
"Consider the following example: ‘‘‘The woman's date wanted to look like a gentleman.’’’ Choice 1: He opened the door for her. Choice 2: He asked her if she liked sushi. Q: Which one is more likely to be the effect, choice 1 or choice 2?",The woman's date wanted to look like a gentleman.,He opened the door for her.,He asked her if she liked sushi.,effect,-0.7268843650817871,0.6546418070793152,1,1.3815261721611023,0.7268843650817871
"Consider the following example: ‘‘‘The woman's eyeglasses fogged up.’’’ Choice 1: She reclined by the pool. Choice 2: She entered the sauna. Q: Which one is more likely to be the cause, choice 1 or choice 2?",The woman's eyeglasses fogged up.,She reclined by the pool.,She entered the sauna.,cause,-0.9248970150947571,0.9705070853233337,2,1.8954041004180908,0.9705070853233337
"Consider the following example: ‘‘‘The woman's hair fell in her face.’’’ Choice 1: She pulled her hair back with a clip. Choice 2: She lathered shampoo into her hair. Q: Which one is more likely to be the effect, choice 1 or choice 2?",The woman's hair fell in her face.,She pulled her hair back with a clip.,She lathered shampoo into her hair.,effect,-0.7596248388290405,0.23149362206459045,1,0.991118460893631,0.7596248388290405
"Consider the following example: ‘‘‘The woman's makeup smeared.’’’ Choice 1: She brushed her hair. Choice 2: She wiped her eyes. Q: Which one is more likely to be the cause, choice 1 or choice 2?",The woman's makeup smeared.,She brushed her hair.,She wiped her eyes.,cause,-0.25528278946876526,0.3826351761817932,2,0.6379179656505585,0.3826351761817932
"Consider the following example: ‘‘‘The woman's purse was missing.’’’ Choice 1: It contained a lot of junk. Choice 2: She left it unsupervised. Q: Which one is more likely to be the cause, choice 1 or choice 2?",The woman's purse was missing.,It contained a lot of junk.,She left it unsupervised.,cause,1.0372371673583984,-1.209589958190918,2,2.2468271255493164,1.209589958190918
"Consider the following example: ‘‘‘The young woman was denied entrance into the bar.’’’ Choice 1: Her friends stood her up. Choice 2: She forgot her ID. Q: Which one is more likely to be the cause, choice 1 or choice 2?",The young woman was denied entrance into the bar.,Her friends stood her up.,She forgot her ID.,cause,1.145961880683899,-0.7763631939888,2,1.922325074672699,1.145961880683899
"Consider the following example: ‘‘‘We found empty seats in the theatre.’’’ Choice 1: The film began. Choice 2: We sat down. Q: Which one is more likely to be the effect, choice 1 or choice 2?",We found empty seats in the theatre.,The film began.,We sat down.,effect,0.6125551462173462,-0.794546902179718,2,1.4071020483970642,0.794546902179718
